{"text": " Hey, I want you to turn on the light in the room one", "segments": [{"id": 0, "seek": 0, "start": 0.0, "end": 4.64, "text": " Hey, I want you to turn on the light in the room one", "tokens": [50395, 14690, 11, 314, 765, 345, 284, 1210, 319, 262, 1657, 287, 262, 2119, 530, 50595], "temperature": 0.0, "avg_logprob": -0.3116931354298311, "compression_ratio": 0.9629629629629629, "no_speech_prob": 0.037021517753601074}], "language": "en"}